"2014-10-17 21:26:38 -0400","##networking","Fun","nearly as cool as security lol"
"2014-10-17 22:18:15 -0400","##security","ProfessorBacon","but what does this have to do with security?"
"2014-10-17 23:17:20 -0400","##security","maurice__","appsec audits will still be performed. if the SAs keep an eye on framework/library creep, it really doesn’t have too many security implications."
"2014-10-17 23:19:08 -0400","##security","lunaphyt_","i think that one prominent element having to do with security is that the more garbage you dump onto a system, with less and less actual structure underlying it, the harder and harder it becoems to effectively manage"
"2014-10-17 23:19:58 -0400","##security","maurice__","lunaphyt_: it absolutely increases attack surface. the caveat i offered was management of framework/library creep - in which case you can minimize that attack surface."
"2014-10-18 01:16:09 -0400","##security","liveAndLetDie","its atrocious what kind of security fails just fly for consumer routers."
"2014-10-18 01:16:40 -0400","##security","darkhorizon","its atrocious what kind of security fails just fly for everything --- FTFY"
"2014-10-18 01:25:17 -0400","##security","liberal","crazy chit: http://www.forbes.com/sites/andygreenberg/2013/07/24/hackers-reveal-nasty-new-car-attacks-with-me-behind-the-wheel-video/"
"2014-10-18 01:28:44 -0400","##security","liveAndLetDie","Gorlob: After sabotaging vmware I decided to look at Windows until I get my hacker legs. Tar seemed interesting because it handled large volumes of data, implemented a number of different formats which may allow for a parser differential situation, and is old as dirt."
"2014-10-18 07:47:46 -0400","##networking","carrollr","Unless you're part of a reflection attack"
"2014-10-18 07:48:25 -0400","##networking","Name141","I wonder if DDoS even makes it past NOCs?"
"2014-10-18 08:48:23 -0400","##security","liveAndLetDie","Those versions of Linux had a lot of security problems."
"2014-10-18 08:50:02 -0400","##security","liveAndLetDie","rindolf: I really don't like that koan. I've read it before. Its typical of the a lot of ""old-school hackers"" who think ""crackers"" are no more useful than excrement."
"2014-10-18 08:53:35 -0400","##security","liveAndLetDie","rindolf: Hackers of a certain era call security folk ""crackers"" and lump them in the same category as script kiddies. I have a lot of respect for them because these are the same people who built Unix and the Internet, but on this point we differ."
"2014-10-18 08:54:01 -0400","##security","musty","Let's dance around the definition of hackers for another ten years."
"2014-10-18 08:56:14 -0400","##security","infosec_fan","i am downloading CEHv8 Ethical Hacker ebook."
"2014-10-18 08:58:23 -0400","##security","musty","I don't know a single person who's written programs for a decade that would talk about ethics, script kids and crackers as though they read an esr article a week ago."
"2014-10-18 09:35:08 -0400","##security","lukky513","on the other hand: is 2014 any more security disclosure-rich than previous ones, or is it just me?"
"2014-10-18 10:13:54 -0400","##security","_nameless","So, if the session id can be read via javascript, what's the next step in exploiting that? I've tried changing the session id cookie in transit using burp, but it doesn't seem to make a difference."
"2014-10-18 10:36:36 -0400","##security","liveAndLetDie","Well, you may partly mistaken then. But if the app worked the way you're thinking, your attack would work the way you're thinking."
"2014-10-18 10:47:45 -0400","##security","Celerity","isn't message security more than enough?"
"2014-10-18 10:53:38 -0400","##security","_nameless","hell, the SPSE course (by security tube) is a great intro"
"2014-10-18 10:53:47 -0400","##security","_nameless","and gives you security scripting practice to boot"
"2014-10-18 11:00:06 -0400","##security","sectech","Security+ is a management cert IMHO"
"2014-10-18 11:08:26 -0400","##security","sectech","I pretty much have settled on Cisco certs... I want a  CCIE security at some point"
"2014-10-18 11:08:54 -0400","##security","sectech","I'm getting my Security+, and if I combine that with what I already have...I can move to Toronto and perhaps actually pay for the CCIE"
"2014-10-18 11:09:48 -0400","##security","sectech","liveAndLetDie: there becomes a point where your in the industry regardless if you like it or not... Security becomes a way of life..."
"2014-10-18 11:52:05 -0400","##security","gp5st","what's the purpose of split-page logins? they don't _really_ protect against an attacker"
"2014-10-18 13:14:48 -0400","##security","TheJH","cad: as far as I understand, in theory, even ssl 3.0 should be fine, client and server can securely determine the highest common protocol version without the possibility of downgrade attacks. in practice, some clients have implemented an insecure fallback to ssl 3.0, but if you blacklist that, I think there should be no more problems with downgrade attacks."
"2014-10-18 13:35:20 -0400","##networking","marvimias","http://www.openwall.com/lists/oss-security/2014/10/09/28"
"2014-10-18 13:55:06 -0400","##security","TheJH","jnpplf: that is an interesting way for an exploit to fail :D"
"2014-10-18 13:56:36 -0400","##security","jnpplf","Also, running exploits in an airport? I, too, like to live dangerously."
"2014-10-18 14:00:36 -0400","##security","TheJH","jnpplf: I wasn't very happy when he told us that he had replaced the screen contents with his irc client in ##security :/"
"2014-10-18 14:34:52 -0400","##security","korbydallas","What sort of 'security' topics do people discuss in this forum?"
"2014-10-18 14:43:22 -0400","##security","_1_mazen160","I mean eg. Bugcrowd , hackerone lol"
"2014-10-18 14:46:16 -0400","##security","Securtiyugu","ah cool, do you have a lot of experience in security?"
"2014-10-18 14:49:09 -0400","##security","_1_mazen160","I am taking security as my career"
"2014-10-18 15:18:39 -0400","##networking","HEROnymous","I'm a systems/security engineer"
"2014-10-18 15:20:24 -0400","##networking","HEROnymous","at 27, I went to school for a year for pre-law, thinking I'd go do law school and become an information security lawyer... but I hated all the undergrad crap.  pretty much did well in the actual pre-law classes, then had gened stuff left and got bored, had good job offers, and dropped out."
"2014-10-18 18:17:01 -0400","##security","karstensrage","im sure we could manifest our own little securitygate ala gamergate with no problem at all"
"2014-10-18 18:22:54 -0400","##security","karstensrage","anyway, from what ive seen in the security industry, its the exact same diversity issues and misogyny"
"2014-10-18 18:38:01 -0400","##security","N30M1ND","it's a borat term, developers as in web development? software (even broader)? exploits development?"
"2014-10-18 18:42:20 -0400","##security","FarLight","Can I ask a security question here, or is this room more about fun's bullshit?"
"2014-10-18 18:44:08 -0400","##security","karstensrage","security by obscurity"
"2014-10-18 18:52:36 -0400","##networking","Detox-at-Work","Hi  Would like an opinion please.  We are moving an office that will have 8 staff, 1 server (backup data server), 6 computers for client use (job search, ged classes, etc) and several temp's that will use laptops with wifi.  I plan on using a router loaded with DDwrt  I also need to add in several security cameras and a hotspot.  Do I need a managed switch iwth POE?  or just get a POE extender"
"2014-10-18 19:15:48 -0400","##security","FarLight","Nice idea in theory, but I am new to the realm of security. I don't want to put my users at risk by rolling my own solution without learning about it first."
"2014-10-18 19:35:08 -0400","##security","Fun","and security wise how easy it is to connect to peers on same cable via protocol other than tcp ip?"
"2014-10-18 19:43:29 -0400","##networking","CaptObvious","right, but won't provide the rest of what pfSense does (virus scanning, caching proxy etc)"
"2014-10-18 19:47:16 -0400","##networking","cnf","is that the bulk of it? vpn, virus scanning and caching proxy?"
"2014-10-18 21:58:22 -0400","##security","CYLAR","Whats your apinion on the best computer hacker?"
"2014-10-18 21:59:40 -0400","##security","nicoo","CYLAR: The best hacker, of course."
"2014-10-18 22:00:09 -0400","##security","ElectRo`","gregory evans is the best hacker ever"
"2014-10-18 22:00:13 -0400","##security","nicoo","CYLAR: No. The best hacker is the best."
"2014-10-18 22:03:01 -0400","##security","CYLAR","im the best hacker ever"
"2014-10-19 00:45:57 -0400","##security","karstensrage","my interest is sort of the psychology of security"
"2014-10-19 02:07:50 -0400","##security","kerneloopz","it's called drive-by-malware"
"2014-10-19 02:08:41 -0400","##security","kerneloopz","the choice of browser and OS play a big role in its effectiveness, along with general security practices of course"
"2014-10-19 02:12:28 -0400","##security","kerneloopz","1) you visit a site, which launches Flash, ActiveX, or Flash or some other crap. Those run and take advantage of a security hole your browser to install stuff"
"2014-10-19 02:18:54 -0400","##security","Michael_","kerneloopz: I'm not on Windows right now, but I'm speaking mainly about Windows security here. I like Firefox or Chrome. Yet, I have several times chosen the solution to use the Internet from the level of a restricted account and I got infected every time."
"2014-10-19 02:19:06 -0400","##security","edition","ive seen some unsavoury viruses..."
"2014-10-19 02:19:28 -0400","##security","CYLAR","I love you virus?"
"2014-10-19 02:20:22 -0400","##security","kerneloopz","Michael_: that's weird. You must go to some strange sites or open email attachment viruses, etc"
"2014-10-19 02:21:15 -0400","##security","CYLAR","these viruses on a windows box?"
"2014-10-19 02:21:17 -0400","##security","kerneloopz","Michael_: Windows is a prime target for viruses, mainly because of its uniformally and relatively poorer security practices"
"2014-10-19 02:21:23 -0400","##security","edition","i haven't seen many viruses with background music though..."
"2014-10-19 02:22:10 -0400","##security","Michael_","kerneloopz: nothing like opening email attachment viruses. Possible that I opened sites containing videos, radio streams, some Flash stuff, but I have never went to administrator account and install it. Heck, how does it happen that the computer got infected?"
"2014-10-19 02:24:03 -0400","##security","kerneloopz","Michael_: I don't know how the viruses are getting to you"
"2014-10-19 02:24:38 -0400","##security","CYLAR","Could have the Internet virus"
"2014-10-19 02:26:28 -0400","##security","Michael_","kerneloopz: and what really makes my head spin: how is it that these malware gets somehow to my computer and it can't be seen in Software Management System (don't really remember how it's called on Windows), browser's add-ons... I know that theoretically it's possible to conduct such an attack, but I used to think it's difficult as hell"
"2014-10-19 02:26:29 -0400","##security","CYLAR","Run some antivirus and some antimalware."
"2014-10-19 02:27:15 -0400","##security","kerneloopz","Michael_: one attack method is the inclusion of malware with other pieces of software"
"2014-10-19 02:29:31 -0400","##security","CYLAR","Get proccess hacker helps loads and tcp view also see if you are being hacked"
"2014-10-19 02:29:48 -0400","##security","Michael_","kerneloopz: yes, I understand it. Although I would expect that if I have malware which causes firefox to make redirections in the wrong way, I would expect that it will be visible in browser's plugins and extensions. But there's nothing like that."
"2014-10-19 02:30:17 -0400","##security","kerneloopz","Michael_: ok, so what malware are we talking about then?"
"2014-10-19 02:30:51 -0400","##security","CYLAR","0day malware stuxnet remade."
"2014-10-19 02:33:11 -0400","##security","kerneloopz","all the malware, all the restart-for-update silliness, etc, etc. Haven't booted into Windows in two years :)"
"2014-10-19 02:35:15 -0400","##security","CYLAR","Isn't linux vuln to Ssh Attacks RDP attacks ?"
"2014-10-19 02:35:34 -0400","##security","Michael_","kerneloopz: I do remember the symptoms. The start page got changed, I reconfigure it, do all the anti-malware procedures described in a page for a specific malware software, some weeks pass, and all of that starts again"
"2014-10-19 02:37:39 -0400","##security","kerneloopz","Michael_: I've had the browser start page change, there are minor malware things that do that"
"2014-10-19 02:38:30 -0400","##security","CYLAR","Facebook The Hackers Heaven :D"
"2014-10-19 03:29:53 -0400","##security","njcomsec","http://www.wired.com/security/    THIS SHIT IS THE GOSPEL YEHAWWWW"
"2014-10-19 04:09:53 -0400","##security","Michael_","Cthulhon: but one thing I don't get. A hacker makes his own packet which has any number - since these numbers are generated at random any number will pass as being correct. Something does not play well here. I bet I understand something the wrong way, where's my mistake?"
"2014-10-19 04:24:05 -0400","##security","Cthulhon","E.g. the well-known (if not novel) Mitnick attack in 1994 spoofed TCP packets from an IP that was in the .rhosts file of the victim, in order to inject a command via rsh that opened up the box to arbitrary rsh connections."
"2014-10-19 05:22:34 -0400","##security","liveAndLetDie","I use famous worms. This computer laptop is Morris, my other one is Melissa."
"2014-10-19 06:59:24 -0400","##networking","detha","spat: vlans have their place. a bit of security, limiting broadcast traffic, etc. But you only start seeing that on larger sites"
"2014-10-19 08:00:32 -0400","##security","d33tah","Apachez: yeah, what i wanted to know is why an attempt to exploit it failed"
"2014-10-19 08:03:55 -0400","##security","musty","Wish people learned to program before writing exploits for programs."
"2014-10-19 08:05:51 -0400","##security","musty","I don't understand it. Is it a financial motivation that attracts people to learn how to write exploit code?"
"2014-10-19 08:06:00 -0400","##security","musty","d33tah: Okay hacker wannabe."
"2014-10-19 08:07:22 -0400","##security","musty","-fno-stack-protector would disable SSP/Propolice enough for you to exploit your silly little strcpy(3) buffer bounds vulnerability."
"2014-10-19 08:35:03 -0400","##security","T-Sourcemaker","I should read... that encfs has different security issues... is this still true?"
"2014-10-19 08:51:22 -0400","##security","njcomsec","by the way i know nothing about networking or security"
"2014-10-19 09:22:05 -0400","##security","trndr","roku: why are sad about anonbox getting suspended on kickstarter? last I checked transparent tor proxies lead to a potential reduced security, due to program info leaks and potential man in the middle attacks"
"2014-10-19 09:28:07 -0400","##security","njcomsec","but yeh im not a security expert"
"2014-10-19 10:34:39 -0400","##networking","loekfef","all virus"
"2014-10-19 11:35:14 -0400","##security","GentileBen","rindolf the red-nosed security deer."
"2014-10-19 11:38:48 -0400","##security","likecolacola","sometimes (like now) i really wish i was a hacker... you know when there's that professor that is completely ruining up your life for no reason?"
"2014-10-19 11:39:15 -0400","##security","rindolf","likecolacola: what kind of a hacker?"
"2014-10-19 11:41:32 -0400","##security","likecolacola","rindolf, the kind of hacker that can damage another person"
"2014-10-19 11:52:19 -0400","##security","tsousa","What you guys think has more job market? a degree in Computer Science or a degree that teach programming+networks+ cybersecurity?"
"2014-10-19 12:00:14 -0400","##security","tsousa","suspicious_eek, i like to program but i also think security will be an awesome challenge. And i think it will be pretty awesome trying to out smart other people"
"2014-10-19 12:01:09 -0400","##security","likecolacola","security tends to be more about knowing what regular folks ignore"
"2014-10-19 12:01:11 -0400","##security","tsousa","the course in network security as also a lot of programming"
"2014-10-19 12:01:44 -0400","##security","tsousa","here courses are only 3 years. the first year is all in programming, the second is programming and networks and the third is almost all security"
"2014-10-19 12:05:28 -0400","##security","tsousa","in programming you can help in a opensource project and in security? get certification?"
"2014-10-19 12:06:49 -0400","##security","tsousa","do you guys think that cisco certification is a plus? like ccnp and ccnp security?"
"2014-10-19 12:07:47 -0400","##security","sectech","to learn the nitty gritty details of security...no"
"2014-10-19 12:08:01 -0400","##security","tsousa","nice. i think i will choose the security one. i can still do programming, and i most be honest o think that pen testing most the awesome!"
"2014-10-19 12:22:25 -0400","##security","sectech","Most companies won't hire 20 year olds for security work anyway."
"2014-10-19 12:29:30 -0400","##security","tsousa","yes, i will save some money to do it this year. i hope when i finish the course i will have ccna, ccnp ans ccnp security and i think a linux cert"
"2014-10-19 12:30:20 -0400","##security","porksec","tsousa: what do you want to do? security stuff?"
"2014-10-19 12:30:53 -0400","##security","sectech","there are two sides to security btw... The hacker stuff that you hear about in the news... and the management stuff"
"2014-10-19 12:39:03 -0400","##security","CuriosTiger","roxfan: Setting the text background to the same as the text color could be a security feature!"
"2014-10-19 13:04:29 -0400","##security","rawtaz","they seem confused about what trolling is. it seems they want to stop personal attacks and hatred stuff. thats not what trolling is about really"
"2014-10-19 13:12:39 -0400","##security","rawtaz","are there any known security holes or backdoors in skype?"
"2014-10-19 13:15:04 -0400","##security","rawtaz","JodaZ: yeah, thats not what im asking :) i mean more like, does anyone know of any backdoors they or someone else has implemented in the Skype application(s), or similar weaknesses that can be exploited intentionally"
"2014-10-19 13:17:43 -0400","##security","JodaZ","if such a thing was known there'd be a worm for it in t+1h"
"2014-10-19 13:18:32 -0400","##security","rawtaz","JodaZ: there being a worm assumes that someone else than the intended users finds it or knows about it."
"2014-10-19 13:20:39 -0400","##security","rawtaz","you are effectively saying that if there is such a backdoor or whatever, it is a fact that worm would exist out there, using this ""vulnerability"", in t+1h"
"2014-10-19 13:21:33 -0400","##security","rawtaz","if you think that whther or not there is a backdoor or whatever can be measured by the existance of a worm on the internet using it, well then that is a perfectly fine opinion you are entitled to"
"2014-10-19 13:22:20 -0400","##security","rawtaz","if it was known in such a way that someone would actually talk about it here, there would surely be worms"
"2014-10-19 13:24:08 -0400","##security","JodaZ","no, no skype worms"
"2014-10-19 14:38:31 -0400","##networking","flebron","Hi. Basic Wi-Fi question. If I use an unencrypted 802.11 connection, then anyone can sniff what I write. If I use an encrypted-but-with-a-known-password connection, then unless an attacker (with knowledge of the password) saw when I started the session (sharing the IVs), he can't snoop on my data. Is that last part right?"
"2014-10-19 14:43:44 -0400","##networking","detha","flebron: correct. so what the attacker does is send a deauth, and you client is kind a enough to automatically reconnect and show IV"
"2014-10-19 15:28:14 -0400","##security","Dev0n","but below means you are in the range of most port scan worms"
"2014-10-19 15:31:25 -0400","##security","ma3str0","if you're using a different port number for ""security"" you're doing it wron"
"2014-10-19 15:32:03 -0400","##security","Dev0n","ma3str0, what about security by obscurity"
"2014-10-19 15:32:05 -0400","##security","kerneloopz","ma3str0: anything but 22, then add more security. Each alone isn't enough or a good idea, as you say"
"2014-10-19 15:32:24 -0400","##security","ma3str0","security by obscurity != real security"
"2014-10-19 15:33:06 -0400","##security","nicoo","Dev0n: It isn't security. It is just less crap in your logs"
"2014-10-19 15:34:02 -0400","##security","Dev0n","from the security aspect of it"
"2014-10-19 15:39:06 -0400","##security","ma3str0","there's no way you're going to get ddos'd by having your little personal sshd listening on 22"
"2014-10-19 15:39:24 -0400","##security","ma3str0","if you want to change it, have fun, but it is pointless for security"
"2014-10-19 15:40:22 -0400","##security","l3g3nd","but prolly not targeted attacks"
"2014-10-19 15:40:58 -0400","##security","nisstyre","do you think people were scrambling to attack tiny personal servers by hand?"
"2014-10-19 15:41:50 -0400","##security","ma3str0","no, security through obscurity isn't security"
"2014-10-19 15:43:02 -0400","##security","BilboSwaggins","Attackers have limited resources."
"2014-10-19 15:43:38 -0400","##security","BilboSwaggins","If it adds more time to their attack we may surmise some attackers will find what was once a viable operation unviable."
"2014-10-19 15:44:09 -0400","##security","BilboSwaggins","So thus, obscurity does mean less systems will be exploited than otherwise."
"2014-10-19 15:45:22 -0400","##security","l3g3nd","ma3str0: you need to understand the difference between attacks that are casting fishnets and targeted attack"
"2014-10-19 15:45:37 -0400","##security","BilboSwaggins","That will still hold people off from exploiting open vulnerablilities."
"2014-10-19 15:45:37 -0400","##security","l3g3nd","you are completely correct for targeted attacks"
"2014-10-19 15:46:29 -0400","##security","nisstyre","you can realisitically scan the entire internet if you limit yourself to very generic attacks"
"2014-10-19 15:47:15 -0400","##security","BilboSwaggins","Because I'm needing something for a Windows system that may be seriously exploited."
"2014-10-19 15:47:29 -0400","##security","Dev0n","had it been 22, and they were looking for it, then comes the next set of attack, right?"
"2014-10-19 15:47:54 -0400","##security","BilboSwaggins","This lady has been running a business that is expected to provide security for its data."
"2014-10-19 15:48:31 -0400","##security","ma3str0","Dev0n: if it had been listening on 22 the next thing would be the script would try to use some exploit that was patched 6 months ago and it would fail"
"2014-10-19 15:48:34 -0400","##security","kerneloopz","IT Security has seen it at work, it's fast"
"2014-10-19 15:49:39 -0400","##security","BilboSwaggins","kerneloopz, she refuses to. She brags about having a compsci degree and doesn't understand elementary security."
"2014-10-19 15:50:36 -0400","##security","BilboSwaggins","So now I have to figure out if her main box has been gotten and build the rest of the security around her idiocy."
"2014-10-19 15:50:55 -0400","##security","Eren97","of Security"
"2014-10-19 15:51:33 -0400","##security","kerneloopz","if she wants security, she needs to be able to trust you with setting it up and hand off that responsibility"
"2014-10-19 15:53:47 -0400","##security","BilboSwaggins","So now I have to subvert another box into a security chokepoint and route everything through it."
"2014-10-19 15:53:50 -0400","##security","Eren97","I just cleaned up a laptop with like 1500 hits just from malwarebytes"
"2014-10-19 15:54:20 -0400","##security","Dev0n","just wondering, is there like a DOs/DONTs link for this channel (FAQs etc.) on linux security I could read up on?"
"2014-10-19 15:54:57 -0400","##security","kerneloopz","BilboSwaggins: you need to show her what an attacker could do"
"2014-10-19 15:55:04 -0400","##security","kerneloopz","maybe do the attack yourself"
"2014-10-19 15:55:23 -0400","##security","Eren97","asking for ddos programs, hacks, botnets etc"
"2014-10-19 15:55:42 -0400","##security","kerneloopz","BilboSwaggins: idk, try walking her through what an attacker could do"
"2014-10-19 16:03:06 -0400","##security","BilboSwaggins","Because ef doing IT and security."
"2014-10-19 16:18:03 -0400","##networking","Devastator","how bad is to concentrate some services on the router? I mean, I have a router that is also firewall/dns and handles both WANs, do you think implementing openvpn, smnp and squid+dansguardian all together will be pushing it? my main concerns are security and best practice"
"2014-10-19 16:20:06 -0400","##security","legend","rawtaz: statistics that can possibly link pirated software to malware infection"
"2014-10-19 16:20:41 -0400","##networking","catphish","Devastator: i see no problem for using one server for all services, you gain security by having less systems to keep secure, up to day etc"
"2014-10-19 16:20:52 -0400","##security","nisstyre","the ratio of virus to non-virus is your statistic"
"2014-10-19 16:21:01 -0400","##security","legend","nisstyre: scan them with ? anti virus scanner?"
"2014-10-19 16:21:21 -0400","##security","nisstyre","like clam or something, or virustotal"
"2014-10-19 16:21:47 -0400","##security","nisstyre","https://www.virustotal.com/en/statistics/"
"2014-10-19 16:22:27 -0400","##security","legend","almost all of them have cracks with them.. which are most of the time detected as malware.. but the people who have posted them claim they do no harm.. so how do i know that a software has done harm without compromising my system XD"
"2014-10-19 16:23:04 -0400","##security","nisstyre","and maybe even virustotal idk"
"2014-10-19 16:29:07 -0400","##networking","catphish","there is really no specific best practise here, the ideal is to use one virtual server for each service fro security, but that requires much more maintenance"
"2014-10-19 16:32:35 -0400","##security","emoziko","thank you nisstyre, but is there more user friendly utils? i have sample of linux malware and i want to analyze it."
"2014-10-19 16:32:43 -0400","##security","legend","nisstyre: wow.. man you know internet security :)"
"2014-10-19 17:00:32 -0400","##security","nisstyre","legend: just find something to exploit really"
"2014-10-19 17:00:39 -0400","##security","nisstyre","and figure out how you would construct an attack on it"
"2014-10-19 17:02:36 -0400","##security","nisstyre","legend: you could start by looking at cross site scripting attacks"
"2014-10-19 17:09:08 -0400","##security","l3g3nd","legend: you could also check out actual low level building blocks for ideas.  for instance, the book Hacking: The Art of Exploitation 2ed does some great work with getting into it all"
"2014-10-19 17:10:39 -0400","##security","l3g3nd","which is why i suggest that book, and not an information security book"
"2014-10-19 17:13:12 -0400","##security","l3g3nd","plus, i feel what separates the skiddies from the actual security professionals is a complete understanding of what's going on. i.e. understanding that a buffer overlow doesn't just overflow a buffer, but can overrite data blocks and catch instruction pointers or whatnot"
"2014-10-19 17:18:27 -0400","##security","Cthulhon","That would be pretty hard with just alloca, unless you are talking about something like Rafal's attack against X shared memory."
"2014-10-19 17:18:42 -0400","##security","legend","read it in the information security text book.. which was boring BTW"
"2014-10-19 17:52:31 -0400","##networking","dogbert2","well, it's perverted if companies do that...what happens if they upload malware to the thing (by accident)..."
"2014-10-19 17:54:03 -0400","##networking","dogbert2","Giantmicrobes Inc., which makes a line of plush toys based on viruses and other microscopic organisms, has sold out its entire Ebola stock, including the small Ebola doll for $9.95, a Gigantic Ebola doll for $29.95 and an Ebola Petri Dish toy for $14.95, according to the company’s website."
"2014-10-19 17:59:15 -0400","##networking","hugge","like anti-malware, anti-porn, anti-facebook antiwhatever"
"2014-10-19 18:05:45 -0400","##networking","hugge","Their product-line for security is a mess"
"2014-10-19 18:06:05 -0400","##networking","hugge","They have atleast 3 or 4 overlapping devices in all trees of their security line"
"2014-10-19 18:06:10 -0400","##networking","carrollr","Security is the biggest mess, they just fired 8k people, then ""re-aligned"" 25k people"
"2014-10-19 18:53:48 -0400","##security","MadHatter42","has anyone exploited a shellshock vuln ?"
"2014-10-19 19:01:57 -0400","##security","ma3str0","i'm pretty sure there is already malware floating around exploiting it"
"2014-10-19 19:18:06 -0400","##security","joshumax","Hey chmod'ing all my files to 777 shouldn't pose a security issue right?"
"2014-10-19 19:25:46 -0400","##security","evil_dan2wik","Some software has exploits to get higher into the system"
"2014-10-19 19:41:03 -0400","##security","Fun","some promiment hacker was arrested"
"2014-10-19 19:41:14 -0400","##security","joshumax","""prominent hacker"""
"2014-10-19 19:47:20 -0400","##security","beardedecho","But I need to find a security specialization to master. I am thinking reverse engineering, as that leads into malware analysis and exploit dev, but web app testing interests me the most. I don't think it is as essential as reversein engineering tho"
"2014-10-19 19:50:45 -0400","##security","joshumax","Although malware hunting and REing is my dream job"
"2014-10-19 19:53:43 -0400","##security","joshumax","Hey devon try to set the sticky bit for extra security"
"2014-10-19 19:56:33 -0400","##security","N30M1ND","beardedecho: and planning to read/practice this whole handbook --> http://rogunix.com/docs/Reversing&Exploiting/the_shellcoders_handbook.pdf"
"2014-10-19 19:56:55 -0400","##security","joshumax","Ooh read these too http://www.exploit-db.com/papers/"
"2014-10-19 19:59:18 -0400","##security","N30M1ND","beardedecho: Now I'm learning the very basics of reverse engineering and exploit writing"
"2014-10-19 19:59:21 -0400","##security","joshumax","Empty packets from abbashacker75.no-ip.biz, seems legit"
"2014-10-19 19:59:59 -0400","##security","joshumax","Obviously it is from Abb A. Shacker and she is 75 years old"
"2014-10-19 20:02:07 -0400","##networking","qman__","for the virus angle, group policy makes blocking executables super easy"
"2014-10-19 20:06:18 -0400","##networking","qman__","Devastator: content filtering, antivirus, all the things that fall under the UTM hat"
"2014-10-19 20:06:40 -0400","##security","beardedecho","Ok, what are your thoughts on those security certs? It seems like every job I have applied for requires 5+ years exp, a degree and 2-3 certs"
"2014-10-19 20:07:05 -0400","##security","mustapha","Most security certifications are rubbish, and aren't a measure of competence."
"2014-10-19 20:09:07 -0400","##security","mustapha","I think a lot of the time, stupidity infiltrates security scenes where people spend enough time within it to remain stupid, but with enough redundant skill to destroy things."
"2014-10-19 20:13:05 -0400","##security","beardedecho","mustapha by actually changing the technology culture from patching after the fact, to being mindful of security in the lifecycle of development and maintaining afterwards. And, I WANT to create exploits for systems but I think abusing existing systems is more fun than finding bugs. It is more creative than finding a flaw. But both need to be done."
"2014-10-19 20:13:24 -0400","##networking","qman__","it will not offer any protection from malware"
"2014-10-19 20:14:03 -0400","##security","beardedecho","Sorry :D. I want to attack to learn to defend. I think defense is harder, because you need to learn both."
"2014-10-19 20:14:29 -0400","##security","mustapha","beardedecho: There are already people who do that. A more honest approach would just be to say that ""I want to attack""."
"2014-10-19 20:15:43 -0400","##security","beardedecho","No, I would want to develop my own exploits and reverse engineer existing exploits. Not just use tools, like msf."
"2014-10-19 20:16:00 -0400","##security","beardedecho","I want to develop security."
"2014-10-19 20:16:18 -0400","##security","mustapha","Why do you want to ""develop security""?"
"2014-10-19 20:17:16 -0400","##security","beardedecho","I want to develop security because it hits home for me, as technology affects some friends and family members - medically speaking. Along with the infrastructure we all rely on. And, I may be sexually attracted to computers."
"2014-10-19 20:18:28 -0400","##security","beardedecho","Why are you interested in security mustapha?"
"2014-10-19 20:19:25 -0400","##security","mustapha","beardedecho: Because I want to keep up with security matters."
"2014-10-19 20:20:37 -0400","##security","mustapha","There's a coursera course that deals with elementary security that you could look into."
"2014-10-19 20:22:30 -0400","##security","beardedecho","mustapha Is it Cybersecurity by Uni of Maryland?"
"2014-10-19 20:23:00 -0400","##security","mustapha","Memory based attacks. DEP/W+X, web security, taint analysis."
"2014-10-19 20:28:08 -0400","##security","mustapha","But a lot of people in security are idiots."
"2014-10-19 20:29:32 -0400","##security","mustapha","Elevated to selling exploits for $5,000 each."
"2014-10-19 20:30:11 -0400","##security","mustapha","Elevated from that to do penetration tests or be security advisors to companies like MDSec."
"2014-10-19 20:30:53 -0400","##security","beardedecho","mustapha What is the proper mentality for security, in your opinion?"
"2014-10-19 20:32:21 -0400","##security","joshumax","If you work at infoSec and you feel like violently whacking black-hats with a metal baseball bat until they die from injuries, then you have a good security mentality"
"2014-10-19 20:35:51 -0400","##security","joshumax","Thruthfully though security more or less goes like this on an interesting day, ""bad guy"" finds exploit, ""good guy"" patches exploit, the end. *note bad and good terms are subjective"
"2014-10-19 20:42:03 -0400","##security","mustapha","joshumax: You have a gross misunderstanding of security."
"2014-10-19 21:43:12 -0400","##security","baordog","What's life without the banter of ##security"
"2014-10-19 22:05:37 -0400","##security","grimgarlic","Any vulnerability researchers out there read ""The Art of Software Security Assessment""?"
"2014-10-19 22:40:57 -0400","##security","CYLAR","whats the most deadliest virus ever"
"2014-10-19 22:45:11 -0400","##security","njcomsec","humans are most deadly virus"
"2014-10-20 00:53:06 -0400","##security","tomhardy_","hey.. with apples/googles increasing focus on security, do you think it will lead to virtually anonymous and encrypted messaging/telephone calls with devices that can not be searched?  If this happens, do google/apple have significant enough clout to resist any government demands to provide backdoors into their devices"
"2014-10-20 00:55:42 -0400","##security","tomhardy_","well iOS8 brings in proper security measures to prevent decryption of the hardware (well most of it).. imessages are already secure, facetime calls (i'm not sure).  Then the new ipads have those special sim cards which means you can adhoc sign up for data plans"
"2014-10-20 01:01:41 -0400","##security","rryoumaa","i don't trust flash but want to use it.  i want to sandbox chromium (to play a music station).  i am told virtualization will be too slow.  does running schroot as a dedicated user offer any added security over running as a dedicated user?"
"2014-10-20 01:33:47 -0400","##security","nlabw","ACTION hi guys ... . According to you'r governor deal with Us ... . National Laboratory of The World which is 0x71 (xc) Our Hacker Team Researcher ... . We are please to announce , We already open for public ... . Take a look of Our research at http://nlabw.wordpress.com ... . This is not advertisement ... . Just to let you know ... . 10 + Research will be publish today ... . all 0day"
"2014-10-20 01:35:44 -0400","##networking","E1ephant","it looks like a giant gaping security hole to me"
"2014-10-20 01:37:52 -0400","##security","jnpplf","""RC4 should be disabled but it should be noted that RC4 is immune to BEAST attacks."""
"2014-10-20 01:40:55 -0400","##security","Shlee","this host has security that may be equal or less than secure."
"2014-10-20 01:45:01 -0400","##security","nlabw","which is ex 0x71 (xc) Our Hacker Team"
"2014-10-20 01:45:54 -0400","##security","nlabw","is all goverment hacker and researcher"
"2014-10-20 01:50:53 -0400","##security","nlabw","all famous hacker"
"2014-10-20 02:42:12 -0400","##security","nojeffre1","BilboSwaggins try securityonion if you dont want the fuss of manually installing most of these tools"
"2014-10-20 02:45:36 -0400","##security","evil_dan2wik","technab is a virus"
"2014-10-20 03:01:23 -0400","##security","jnpplf","Most of the security industry wouldn't know what to do with a mainframe anymore"
"2014-10-20 03:35:43 -0400","##security","azita","TOPIC <#security> [<New Featurs of Siems products>]"
"2014-10-20 06:31:50 -0400","##networking","alocer","without them you can have security ."
"2014-10-20 08:13:10 -0400","#archlinux-security","amcrae","you guys are doing a great job with those security announcements"
"2014-10-20 08:14:59 -0400","#owasp","_7a","Garage4Hackers Ranchoddas Webcast on In the DOM- no one will hear you scream By Mario Heiderich - https://www.youtube.com/watch?v=5W-zGBKvLxk <-- in 1h 15 mins! ;)"
"2014-10-20 09:12:01 -0400","##security","Kryczek","Hacker_AB: what kind of IKE packets? There's many possible configurations for phase 1"
"2014-10-20 09:16:26 -0400","##security","rawtaz","Hacker_AB: try answering Kryczek's question? what's the problem?"
"2014-10-20 09:17:42 -0400","##security","Kryczek","Hacker_AB: what you call 5th and 6th packets, it might be 3rd and 4th, or 7th and 8th, or whatever for us"
"2014-10-20 09:20:18 -0400","##networking","chrustler","Yeah, Russia is attacking Sweden."
"2014-10-20 09:21:16 -0400","##networking","james9","had no idea russia was attacking sweden, that’s a dick move"
"2014-10-20 09:47:28 -0400","##security","troii","i wanna be a hacker :D"
"2014-10-20 10:04:32 -0400","##networking","workingcats","zapotah, yeah but security holes in the adblocker itself still need to be fixed with udpates"
"2014-10-20 10:07:02 -0400","##security","otakbeku","what is the prospect for it security engineer for the foreigner?"
"2014-10-20 10:45:08 -0400","##security","jnpplf","otakbeku, most pen testers don't take it seriously, but people often like it for in-house security positions"
"2014-10-20 10:45:49 -0400","##security","legend","chutchut: check this one out : http://hackershandbook.org/tutorials/creating-keylogger"
"2014-10-20 10:50:34 -0400","##security","chutchut","im not too keen on visiting links such as *hackershandbook* when I should be working.. ill save it for later X)"
"2014-10-20 11:04:21 -0400","##security","chutchut","what is it that clients/employers like about them, the fact that you *know* certain things, or that they identify you as a *good* (i.e. ethical) hacker/pentester?"
"2014-10-20 11:07:49 -0400","##security","jnpplf","I think less than a day of that is application security"
"2014-10-20 11:16:38 -0400","##security","otakbeku","i think it's easier to get a job abroad as a developer instead of computer security engineer"
"2014-10-20 11:18:51 -0400","##security","N30M1ND","otakbeku: it is because of simple logic. The developer creates the insecurity that the security engineer has to fix."
"2014-10-20 11:21:35 -0400","##security","chutchut","and people(i.e. the paymasters) care more about something being made/developed than the security of whatever is being made/developed.."
"2014-10-20 11:25:38 -0400","##security","mnemon","otakbeku: security is always an overhead and it's often delegated to the people who work with the thing that should be secured anyways"
"2014-10-20 11:29:44 -0400","##security","crazypyro","mnemon: A few national armies. would tend to disagree with ""security is always an overhead""."
"2014-10-20 11:32:51 -0400","##security","mnemon","crazypyro: that doesn't make any sense ... security by definition is defensive, it's an overhead even for military"
"2014-10-20 11:34:32 -0400","##security","crazypyro","""I'm a hacker, I nmap'd and found an open port"""
"2014-10-20 11:34:33 -0400","##security","sartan","all the cool security guys on the internet who find an xss on hotmail get all the girls"
"2014-10-20 11:36:16 -0400","##security","mnemon","crazypyro: ok, i'm not interested in debating about semantics so lets say security is alway an overhead unless talking about some organization whose prime business/objective isn't security"
"2014-10-20 11:36:52 -0400","##security","crazypyro","mnemon: Security is an overhead in the same way a PR department is, I guess."
"2014-10-20 11:41:57 -0400","##security","sartan","you can offer siem to other non-security business departments for generalized event correlation on what may not even be security incident related"
"2014-10-20 11:43:04 -0400","##security","sartan","there can be value add for a good analytical security dept"
"2014-10-20 11:44:42 -0400","##security","crazypyro","Also the cost of not having good security as a major corp these days is millions of dollars in stock price"
"2014-10-20 11:45:48 -0400","##security","chutchut","ever heard of Esper sartan? its not security-specific, but it looks like one hell of a powerful tool"
"2014-10-20 11:51:14 -0400","##networking","Rakiz","pppingme: for security purposes."
"2014-10-20 11:51:35 -0400","##networking","pppingme","abusing someone elses network isn't ""for security purposes"""
"2014-10-20 11:53:13 -0400","##networking","Rakiz","you're a networker, not a security expert"
"2014-10-20 11:55:00 -0400","##networking","genec","<Rakiz> you're a networker, not a security expert"
"2014-10-20 12:08:57 -0400","##networking","workingcats","specing, someone else hacked him and added one to detect further hackers"
"2014-10-20 12:17:28 -0400","##security","thms"," 0x02a0:  4152 5020 706f 6973 6f6e 696e 6720 2620  ARP.poisoning.&.         0x02b0:  4152 5020 666c 6f6f 6469 6e67 2077 6974  ARP.flooding.wit         0x04c0:  6f6c 7665 2041 5250 2061 7474 6163 6b20  olve.ARP.attack.         0x0520:  6465 7465 6374 696e 6720 4152 5020 6174  detecting.ARP.at         0x0140:  7420 4152 5020 706f 6973 6f6e 696e 6720  t.ARP.poisoning.         0x0150:  2620 4152 5020 666c 6f6f 6469 6e67 203c  &.ARP.flood"
"2014-10-20 12:23:12 -0400","##security","sartan","don't connect to open wifi if you do'nt trust it: these networks can't prevent poisoning attacks"
"2014-10-20 12:26:15 -0400","##security","crazypyro","ARP.poisoning.&.ARP.flooding.witolve.ARP.attack.detecting.ARP.att.ARP.poisoning."
"2014-10-20 12:27:46 -0400","##security","crazypyro","linuxthefish is actually all the chinese servers attacking digital ocean/azure boxes constantly"
"2014-10-20 12:28:38 -0400","##security","linuxthefish","most ddos traffic i see if from chinese home IP's lol"
"2014-10-20 12:29:01 -0400","##security","sartan","it's possible this is a poisoning attack"
"2014-10-20 12:30:51 -0400","##security","crazypyro","linuxthefish: Yeah, china telecom or something is like half the attacks"
"2014-10-20 12:51:20 -0400","##security","sartan","##security just jumped the shark"
"2014-10-20 13:21:04 -0400","##security","sartan","if you /were/ MITMd and accepted all of the https warnings (did you see any?), that would prevent the attacker from being able to log in without having your physical phone as well"
"2014-10-20 14:09:29 -0400","##security","sartan","this is not necessarily indicative of an attack. it is best to only log in with simple HTTP (http://cnn.com) and redirect to the login page"
"2014-10-20 14:17:59 -0400","##security","crazypyro","I was just about to call him out on those string being him trying to google how to exploit paid wifi or something"
"2014-10-20 15:13:19 -0400","##security","emoziko","hello guys. I have custom upx packed malware. is there any ollydbg style soft for linux to unpack it?"
"2014-10-20 15:15:01 -0400","##security","sartan","rawtaz: hp doesn't have a good security announcements ML at all. as an hp customer of various products i have nfi what my status is."
"2014-10-20 15:15:44 -0400","##security","emoziko","can you tell me some malware reversing software for linux?"
"2014-10-20 15:16:52 -0400","##security","crazypyro","roxfan: Make sure you know what you are doing before you start running malware tho"
"2014-10-20 15:25:32 -0400","##networking","zapotah","i want a cracker"
"2014-10-20 15:25:39 -0400","##networking","Alina-malina","cracker?"
"2014-10-20 15:26:01 -0400","##networking","zapotah","Alina-malina: because its a can of worms"
"2014-10-20 15:29:10 -0400","#owasp","fcerullo","http://www.nytimes.com/2014/10/20/technology/dial-and-redial-phone-hackers-stealing-billions-.html?hpw&rref=technology&action=click&pgtype=Homepage&version=HpHedThumbWell&module=well-region&region=bottom-well&WT.nav=bottom-well&_r=0"
"2014-10-20 16:00:59 -0400","##networking","zapotah","JbWells: plus be sure that the security scope is correct"
"2014-10-20 16:25:08 -0400","##security","beanbag","ACTION would really like to find and keep beating the authors of crypto*.* till he died of a heart attack'"
"2014-10-20 16:29:49 -0400","##security","beanbag","ACTION does a text string search on the pagefile, hiberfill and virus.exe files for those .rnd file names"
"2014-10-20 17:29:27 -0400","##networking","HEROnymous","hugge, you got russian invasion submarines too :D"
"2014-10-20 17:48:03 -0400","##networking","HEROnymous","why do people bother with 1gbit icmp attacks anymore"
"2014-10-20 18:01:15 -0400","##security","XMPPwocky","disk encryption is really only helpful against a very specific attacker, the sort who steals your computer while it is not running"
"2014-10-20 18:05:27 -0400","##security","T-Sourcemaker","the only attack I see at the moment would be a security issue in owncloud or apache, so that somebody can get access without password... is this situation really possible? I mean, there are so many security discussions about using owncloud with or without encfs"
"2014-10-20 18:11:11 -0400","##security","davidhoude","cloud security ultimately means you need to trust the host, because they will always have access no matter what you do"
"2014-10-20 18:13:55 -0400","##security","T-Sourcemaker","davidhoude: but owncloud is based on PHP and in the past... there were many security bugs"
"2014-10-20 18:23:49 -0400","##security","Batimania","Aloha I just started today a class on operating system anyone in the mood to answer a few question ? i think it is related to security :)+"
"2014-10-20 18:37:32 -0400","##networking","sudormrf","forculus, and you want to use this to launch attacks?  because that will get you banned"
"2014-10-20 18:38:07 -0400","##networking","forculus","no attacks, no code execution, no reverse shells, just keeping track of who clicked what"
"2014-10-20 18:38:34 -0400","##networking","sudormrf","even if this was for some sort of security audit"
"2014-10-20 19:44:44 -0400","##security","d3nyal","Anyone knows where I could download malware with source code. I am studying the sandboxes environments."
"2014-10-20 20:34:02 -0400","##security","slacking90","what the channel for users computers, security and internet about talk of internet it's good ?"
"2014-10-20 20:53:10 -0400","##security","OrderZero","http://en.wikipedia.org/wiki/Shoulder_surfing_(computer_security)"
"2014-10-21 00:07:29 -0400","##security","edition","someone suggested it, but the chances of using my machine as an attack vector are low"
"2014-10-21 00:12:59 -0400","##security","f1ay","what do you think about the fellow who runs securitytube?"
"2014-10-21 01:12:30 -0400","##security","f1ay","Hey err'body. What educational security stuff do you know about? Any treasures?"
"2014-10-21 01:19:26 -0400","##security","karstensrage","f1ay, what do you mean by ""education security"""
"2014-10-21 02:07:28 -0400","##security","nojeffre1","securitytube"
"2014-10-21 02:08:55 -0400","##security","ACK__","<nojeffre1> securitytube, is it for brginner"
"2014-10-21 02:09:59 -0400","##security","ACK__","any some guides for beginner, all people here are hacker expect me right?? so people share some"
"2014-10-21 02:12:48 -0400","##security","nojeffre1","Books - Art of Exploitation, Practical Malware Analysis"
"2014-10-21 02:14:01 -0400","##security","ACK__","what languges should be know for hacker"
"2014-10-21 02:26:36 -0400","##security","SASDOE","nojeffre1, there's a course on coursera right now, security 101, might want to start there. If you know C that is."
"2014-10-21 02:57:23 -0400","##networking","reavengr1y","coincidence that you have sample of the virus"
"2014-10-21 05:07:37 -0400","##networking","carrollr","It's congestion or fibre cut. My money is on congestion and/or ddos."
"2014-10-21 06:57:00 -0400","##networking","Batesy","so its basically a mitm attack with tcprelay + netsed"
"2014-10-21 07:02:38 -0400","##networking","Batesy","DOS Attack."
"2014-10-21 07:02:38 -0400","##networking","Batesy","DOS Attack W-"
"2014-10-21 07:52:54 -0400","##networking","carrollr","bam, instant security"
"2014-10-21 08:02:45 -0400","##security","liveAndL3tDie","cym13: Yeah its good. It takes you through the lifecycle of a bug, from discovery, to proof of concept (German laws prevent the author from including an exploit with teeth apparently, but he grabs EIP), and the patch from the vendor."
"2014-10-21 08:29:08 -0400","##networking","DammitJim","what is this thing about phone hackers dial and redial to steal billions?"
"2014-10-21 08:29:29 -0400","##networking","DammitJim","http://finance.yahoo.com/news/phone-hackers-dial-redial-steal-012343295.html"
"2014-10-21 08:31:59 -0400","##networking","carrollr","If you're unsure, hire an external security consultant"
"2014-10-21 08:32:18 -0400","##networking","DammitJim","we do have an external security consultant, but I want to make sure they are doing a good job"
"2014-10-21 09:02:25 -0400","##security","lego2","ok, so there was a security incident this weekend"
"2014-10-21 09:06:27 -0400","##security","liveAndL3tDie","Do you think that helps your security?"
"2014-10-21 09:07:40 -0400","##security","lego2","according to my limited engineering/electroncis/security background,, that should *never* happen"
"2014-10-21 09:09:10 -0400","##security","liveAndL3tDie","If you don't use FDE the live CD is likely to lower your security rather than raise it. My only comment though, no idea how that would happen."
"2014-10-21 09:09:37 -0400","##security","lego2","Kryczek: if thats true it can open up frightening avenues for security research"
"2014-10-21 09:10:11 -0400","##security","liveAndL3tDie","I don't think you could get a reliable exploit there."
"2014-10-21 09:10:12 -0400","##security","Kryczek","lego2: you mean like http://en.wikipedia.org/wiki/Cold_boot_attack ? :)"
"2014-10-21 09:14:39 -0400","##security","Kryczek","lego2: I was responding to 14:09 < lego2> Kryczek: if thats true it can open up frightening avenues for security research"
"2014-10-21 09:19:43 -0400","##security","lego2","wow, a spear phishing attack"
"2014-10-21 09:34:04 -0400","##security","lego2","and the spear phising attack was traced to.....France"
"2014-10-21 09:34:08 -0400","##security","lego2","stupid French hackers"
"2014-10-21 09:35:29 -0400","##security","crazypyro","look how hackery this hacker is guys http://www.eccouncil.org/portals/0/Images/ceh_img.png.png"
"2014-10-21 09:38:25 -0400","##security","tty0x80","""Hackers were here. Where were you?"""
"2014-10-21 09:41:00 -0400","##security","lego2","either way its a security issue lol"
"2014-10-21 09:46:40 -0400","##security","deMarc","OMG HACKERS"
"2014-10-21 09:47:42 -0400","##networking","workingcats","security megafail..."
"2014-10-21 09:50:02 -0400","##security","lego2","i doubt that electronics engineers have security in mind when they build monitors"
"2014-10-21 09:52:54 -0400","##security","lego2","i guess i could amend my security procedure - if i use a live cd, i should do an extra reboot at the end of my session to clear any monitor issues Lol"
"2014-10-21 09:54:50 -0400","##security","tty0x80","which can sense attacks like being handed off to a TMSI/IMSI catcher"
"2014-10-21 11:00:14 -0400","##security","crazypyro","rawtaz: I said one thing to you in response that was perfectly fine and you keep attacking me and saying leading shit like a little cunt."
"2014-10-21 11:01:09 -0400","##security","rawtaz","crazypyro: grow up dude. im not ""attacking"" you."
"2014-10-21 11:01:27 -0400","##security","rawtaz","mnemon: i dont know what he's on about. apparently he is feeling im attacking im"
"2014-10-21 11:01:34 -0400","##security","rawtaz","crazypyro: can you tell me how i am ""attacking"" you?"
"2014-10-21 11:04:34 -0400","##security","otakbeku","how they implement security in embedded system mostly electronics?"
"2014-10-21 11:15:11 -0400","##networking","phy1729","E1ephant: dammit don't give the ddos kiddies more bandwidth!"
"2014-10-21 11:55:33 -0400","##security","JodaZ","dman777_alter, plain repeats iv after 32bit of blocks, i forgot the crypto consequences of it tho... but i think it was a rather theoretical attack it enabled; and its only for disks over 2tb"
"2014-10-21 11:58:22 -0400","##security","supay","are there any other good security communities on irc?"
"2014-10-21 12:23:24 -0400","##security","crayon","any channels that focus on exploitdev?"
"2014-10-21 13:12:20 -0400","##security","lego2","JodaZ: yeah, its funny to me how many security researches reside/publish inside the USA, when countries like Russia/Romania are so much friendlier to the hackerverse"
"2014-10-21 13:46:43 -0400","##security","Lara","##security leads to #buddhism"
